custo_id,ano,mes,id_unidade,unidade,categoria,valor
1,2021,1,1,HOSPITAL CENTRAL,Energia,37458.44
2,2021,1,1,HOSPITAL CENTRAL,Agua,28018.6
3,2021,1,1,HOSPITAL CENTRAL,Manutencao,32139.76
4,2021,1,1,HOSPITAL CENTRAL,Limpeza,32975.69
5,2021,1,1,HOSPITAL CENTRAL,Seguranca,25948.88
6,2021,1,2,HOSPITAL REGIONAL,Energia,16820.35
7,2021,1,2,HOSPITAL REGIONAL,Agua,39244.81
8,2021,1,2,HOSPITAL REGIONAL,Manutencao,32728.17
9,2021,1,2,HOSPITAL REGIONAL,Limpeza,18037.22
10,2021,1,2,HOSPITAL REGIONAL,Seguranca,18349.31
11,2021,1,3,UPA NORTE,Energia,23612.59
12,2021,1,3,UPA NORTE,Agua,18206.89
13,2021,1,3,UPA NORTE,Manutencao,25824.77
14,2021,1,3,UPA NORTE,Limpeza,15247.97
15,2021,1,3,UPA NORTE,Seguranca,14768.16
16,2021,1,4,UPA SUL,Energia,33252.15
17,2021,1,4,UPA SUL,Agua,38523.4
18,2021,1,4,UPA SUL,Manutencao,29265.31
19,2021,1,4,UPA SUL,Limpeza,7133.97
20,2021,1,4,UPA SUL,Seguranca,37269.06
21,2021,1,5,CLINICA MUNICIPAL,Energia,28613.75
22,2021,1,5,CLINICA MUNICIPAL,Agua,32653.78
23,2021,1,5,CLINICA MUNICIPAL,Manutencao,23888.43
24,2021,1,5,CLINICA MUNICIPAL,Limpeza,36265.2
25,2021,1,5,CLINICA MUNICIPAL,Seguranca,30162.2
26,2021,2,1,HOSPITAL CENTRAL,Energia,12626.89
27,2021,2,1,HOSPITAL CENTRAL,Agua,26916.75
28,2021,2,1,HOSPITAL CENTRAL,Manutencao,6730.77
29,2021,2,1,HOSPITAL CENTRAL,Limpeza,26560.4
30,2021,2,1,HOSPITAL CENTRAL,Seguranca,38979.57
31,2021,2,2,HOSPITAL REGIONAL,Energia,16641.06
32,2021,2,2,HOSPITAL REGIONAL,Agua,8155.78
33,2021,2,2,HOSPITAL REGIONAL,Manutencao,37051.94
34,2021,2,2,HOSPITAL REGIONAL,Limpeza,23043.25
35,2021,2,2,HOSPITAL REGIONAL,Seguranca,5527.73
36,2021,2,3,UPA NORTE,Energia,30309.67
37,2021,2,3,UPA NORTE,Agua,6430.03
38,2021,2,3,UPA NORTE,Manutencao,19324.31
39,2021,2,3,UPA NORTE,Limpeza,14838.32
40,2021,2,3,UPA NORTE,Seguranca,26973.61
41,2021,2,4,UPA SUL,Energia,36222.0
42,2021,2,4,UPA SUL,Agua,6845.79
43,2021,2,4,UPA SUL,Manutencao,38680.13
44,2021,2,4,UPA SUL,Limpeza,9178.7
45,2021,2,4,UPA SUL,Seguranca,23438.22
46,2021,2,5,CLINICA MUNICIPAL,Energia,35937.97
47,2021,2,5,CLINICA MUNICIPAL,Agua,10586.62
48,2021,2,5,CLINICA MUNICIPAL,Manutencao,12369.44
49,2021,2,5,CLINICA MUNICIPAL,Limpeza,34700.71
50,2021,2,5,CLINICA MUNICIPAL,Seguranca,21950.35
51,2021,3,1,HOSPITAL CENTRAL,Energia,11577.24
52,2021,3,1,HOSPITAL CENTRAL,Agua,30693.41
53,2021,3,1,HOSPITAL CENTRAL,Manutencao,35617.93
54,2021,3,1,HOSPITAL CENTRAL,Limpeza,35441.24
55,2021,3,1,HOSPITAL CENTRAL,Seguranca,30258.17
56,2021,3,2,HOSPITAL REGIONAL,Energia,29219.32
57,2021,3,2,HOSPITAL REGIONAL,Agua,11192.3
58,2021,3,2,HOSPITAL REGIONAL,Manutencao,12250.66
59,2021,3,2,HOSPITAL REGIONAL,Limpeza,36602.94
60,2021,3,2,HOSPITAL REGIONAL,Seguranca,9819.61
61,2021,3,3,UPA NORTE,Energia,30571.3
62,2021,3,3,UPA NORTE,Agua,7854.69
63,2021,3,3,UPA NORTE,Manutencao,37498.67
64,2021,3,3,UPA NORTE,Limpeza,19869.62
65,2021,3,3,UPA NORTE,Seguranca,5849.3
66,2021,3,4,UPA SUL,Energia,39430.32
67,2021,3,4,UPA SUL,Agua,12248.82
68,2021,3,4,UPA SUL,Manutencao,18210.93
69,2021,3,4,UPA SUL,Limpeza,20819.94
70,2021,3,4,UPA SUL,Seguranca,36618.97
71,2021,3,5,CLINICA MUNICIPAL,Energia,31015.31
72,2021,3,5,CLINICA MUNICIPAL,Agua,16786.75
73,2021,3,5,CLINICA MUNICIPAL,Manutencao,15896.93
74,2021,3,5,CLINICA MUNICIPAL,Limpeza,36525.33
75,2021,3,5,CLINICA MUNICIPAL,Seguranca,34198.11
76,2021,4,1,HOSPITAL CENTRAL,Energia,18398.84
77,2021,4,1,HOSPITAL CENTRAL,Agua,37384.93
78,2021,4,1,HOSPITAL CENTRAL,Manutencao,30509.55
79,2021,4,1,HOSPITAL CENTRAL,Limpeza,35286.85
80,2021,4,1,HOSPITAL CENTRAL,Seguranca,27529.16
81,2021,4,2,HOSPITAL REGIONAL,Energia,30029.31
82,2021,4,2,HOSPITAL REGIONAL,Agua,8831.92
83,2021,4,2,HOSPITAL REGIONAL,Manutencao,9949.57
84,2021,4,2,HOSPITAL REGIONAL,Limpeza,33108.31
85,2021,4,2,HOSPITAL REGIONAL,Seguranca,22773.35
86,2021,4,3,UPA NORTE,Energia,6294.14
87,2021,4,3,UPA NORTE,Agua,35463.17
88,2021,4,3,UPA NORTE,Manutencao,30128.28
89,2021,4,3,UPA NORTE,Limpeza,28977.02
90,2021,4,3,UPA NORTE,Seguranca,34870.95
91,2021,4,4,UPA SUL,Energia,9704.7
92,2021,4,4,UPA SUL,Agua,30224.1
93,2021,4,4,UPA SUL,Manutencao,25263.43
94,2021,4,4,UPA SUL,Limpeza,35241.4
95,2021,4,4,UPA SUL,Seguranca,17135.75
96,2021,4,5,CLINICA MUNICIPAL,Energia,21294.47
97,2021,4,5,CLINICA MUNICIPAL,Agua,30808.21
98,2021,4,5,CLINICA MUNICIPAL,Manutencao,5324.83
99,2021,4,5,CLINICA MUNICIPAL,Limpeza,24585.2
100,2021,4,5,CLINICA MUNICIPAL,Seguranca,29586.87
101,2021,5,1,HOSPITAL CENTRAL,Energia,9741.07
102,2021,5,1,HOSPITAL CENTRAL,Agua,24711.1
103,2021,5,1,HOSPITAL CENTRAL,Manutencao,21333.68
104,2021,5,1,HOSPITAL CENTRAL,Limpeza,26645.53
105,2021,5,1,HOSPITAL CENTRAL,Seguranca,22119.59
106,2021,5,2,HOSPITAL REGIONAL,Energia,27379.63
107,2021,5,2,HOSPITAL REGIONAL,Agua,25368.65
108,2021,5,2,HOSPITAL REGIONAL,Manutencao,12598.66
109,2021,5,2,HOSPITAL REGIONAL,Limpeza,5086.75
110,2021,5,2,HOSPITAL REGIONAL,Seguranca,12807.14
111,2021,5,3,UPA NORTE,Energia,12554.04
112,2021,5,3,UPA NORTE,Agua,26914.12
113,2021,5,3,UPA NORTE,Manutencao,30440.26
114,2021,5,3,UPA NORTE,Limpeza,21284.66
115,2021,5,3,UPA NORTE,Seguranca,19550.8
116,2021,5,4,UPA SUL,Energia,32680.01
117,2021,5,4,UPA SUL,Agua,25043.44
118,2021,5,4,UPA SUL,Manutencao,11107.53
119,2021,5,4,UPA SUL,Limpeza,6858.2
120,2021,5,4,UPA SUL,Seguranca,36028.62
121,2021,5,5,CLINICA MUNICIPAL,Energia,9990.05
122,2021,5,5,CLINICA MUNICIPAL,Agua,20093.66
123,2021,5,5,CLINICA MUNICIPAL,Manutencao,21873.14
124,2021,5,5,CLINICA MUNICIPAL,Limpeza,39479.97
125,2021,5,5,CLINICA MUNICIPAL,Seguranca,34369.14
126,2021,6,1,HOSPITAL CENTRAL,Energia,37622.99
127,2021,6,1,HOSPITAL CENTRAL,Agua,16850.95
128,2021,6,1,HOSPITAL CENTRAL,Manutencao,29743.11
129,2021,6,1,HOSPITAL CENTRAL,Limpeza,24534.47
130,2021,6,1,HOSPITAL CENTRAL,Seguranca,38049.13
131,2021,6,2,HOSPITAL REGIONAL,Energia,8166.08
132,2021,6,2,HOSPITAL REGIONAL,Agua,21155.92
133,2021,6,2,HOSPITAL REGIONAL,Manutencao,6852.95
134,2021,6,2,HOSPITAL REGIONAL,Limpeza,16087.65
135,2021,6,2,HOSPITAL REGIONAL,Seguranca,20041.78
136,2021,6,3,UPA NORTE,Energia,27315.67
137,2021,6,3,UPA NORTE,Agua,20352.22
138,2021,6,3,UPA NORTE,Manutencao,10600.77
139,2021,6,3,UPA NORTE,Limpeza,13343.22
140,2021,6,3,UPA NORTE,Seguranca,27353.25
141,2021,6,4,UPA SUL,Energia,10360.94
142,2021,6,4,UPA SUL,Agua,39338.46
143,2021,6,4,UPA SUL,Manutencao,38024.35
144,2021,6,4,UPA SUL,Limpeza,14989.48
145,2021,6,4,UPA SUL,Seguranca,29828.54
146,2021,6,5,CLINICA MUNICIPAL,Energia,5584.83
147,2021,6,5,CLINICA MUNICIPAL,Agua,18012.27
148,2021,6,5,CLINICA MUNICIPAL,Manutencao,35391.78
149,2021,6,5,CLINICA MUNICIPAL,Limpeza,33565.97
150,2021,6,5,CLINICA MUNICIPAL,Seguranca,6428.32
151,2021,7,1,HOSPITAL CENTRAL,Energia,11019.22
152,2021,7,1,HOSPITAL CENTRAL,Agua,27555.64
153,2021,7,1,HOSPITAL CENTRAL,Manutencao,28287.01
154,2021,7,1,HOSPITAL CENTRAL,Limpeza,22044.7
155,2021,7,1,HOSPITAL CENTRAL,Seguranca,7193.27
156,2021,7,2,HOSPITAL REGIONAL,Energia,7580.05
157,2021,7,2,HOSPITAL REGIONAL,Agua,39463.13
158,2021,7,2,HOSPITAL REGIONAL,Manutencao,16450.72
159,2021,7,2,HOSPITAL REGIONAL,Limpeza,36806.15
160,2021,7,2,HOSPITAL REGIONAL,Seguranca,12769.13
161,2021,7,3,UPA NORTE,Energia,21828.67
162,2021,7,3,UPA NORTE,Agua,16133.7
163,2021,7,3,UPA NORTE,Manutencao,26286.33
164,2021,7,3,UPA NORTE,Limpeza,38439.49
165,2021,7,3,UPA NORTE,Seguranca,8464.15
166,2021,7,4,UPA SUL,Energia,5177.36
167,2021,7,4,UPA SUL,Agua,25904.34
168,2021,7,4,UPA SUL,Manutencao,18671.63
169,2021,7,4,UPA SUL,Limpeza,17432.29
170,2021,7,4,UPA SUL,Seguranca,22634.05
171,2021,7,5,CLINICA MUNICIPAL,Energia,24591.69
172,2021,7,5,CLINICA MUNICIPAL,Agua,7311.5
173,2021,7,5,CLINICA MUNICIPAL,Manutencao,33947.44
174,2021,7,5,CLINICA MUNICIPAL,Limpeza,23506.22
175,2021,7,5,CLINICA MUNICIPAL,Seguranca,13980.15
176,2021,8,1,HOSPITAL CENTRAL,Energia,19645.31
177,2021,8,1,HOSPITAL CENTRAL,Agua,12550.01
178,2021,8,1,HOSPITAL CENTRAL,Manutencao,33356.92
179,2021,8,1,HOSPITAL CENTRAL,Limpeza,8712.55
180,2021,8,1,HOSPITAL CENTRAL,Seguranca,24935.96
181,2021,8,2,HOSPITAL REGIONAL,Energia,35948.09
182,2021,8,2,HOSPITAL REGIONAL,Agua,30688.98
183,2021,8,2,HOSPITAL REGIONAL,Manutencao,12631.58
184,2021,8,2,HOSPITAL REGIONAL,Limpeza,38819.31
185,2021,8,2,HOSPITAL REGIONAL,Seguranca,14869.21
186,2021,8,3,UPA NORTE,Energia,32604.34
187,2021,8,3,UPA NORTE,Agua,39198.64
188,2021,8,3,UPA NORTE,Manutencao,11776.9
189,2021,8,3,UPA NORTE,Limpeza,27440.6
190,2021,8,3,UPA NORTE,Seguranca,20920.98
191,2021,8,4,UPA SUL,Energia,35577.03
192,2021,8,4,UPA SUL,Agua,34098.23
193,2021,8,4,UPA SUL,Manutencao,24554.17
194,2021,8,4,UPA SUL,Limpeza,23617.17
195,2021,8,4,UPA SUL,Seguranca,9110.86
196,2021,8,5,CLINICA MUNICIPAL,Energia,25044.43
197,2021,8,5,CLINICA MUNICIPAL,Agua,32127.51
198,2021,8,5,CLINICA MUNICIPAL,Manutencao,10819.2
199,2021,8,5,CLINICA MUNICIPAL,Limpeza,12305.87
200,2021,8,5,CLINICA MUNICIPAL,Seguranca,39891.8
201,2021,9,1,HOSPITAL CENTRAL,Energia,16907.58
202,2021,9,1,HOSPITAL CENTRAL,Agua,21076.3
203,2021,9,1,HOSPITAL CENTRAL,Manutencao,20607.91
204,2021,9,1,HOSPITAL CENTRAL,Limpeza,6404.38
205,2021,9,1,HOSPITAL CENTRAL,Seguranca,16681.05
206,2021,9,2,HOSPITAL REGIONAL,Energia,29073.91
207,2021,9,2,HOSPITAL REGIONAL,Agua,13529.45
208,2021,9,2,HOSPITAL REGIONAL,Manutencao,5166.82
209,2021,9,2,HOSPITAL REGIONAL,Limpeza,27591.07
210,2021,9,2,HOSPITAL REGIONAL,Seguranca,9740.82
211,2021,9,3,UPA NORTE,Energia,20962.51
212,2021,9,3,UPA NORTE,Agua,12420.57
213,2021,9,3,UPA NORTE,Manutencao,12770.08
214,2021,9,3,UPA NORTE,Limpeza,25145.32
215,2021,9,3,UPA NORTE,Seguranca,19910.74
216,2021,9,4,UPA SUL,Energia,25101.31
217,2021,9,4,UPA SUL,Agua,36440.73
218,2021,9,4,UPA SUL,Manutencao,22858.81
219,2021,9,4,UPA SUL,Limpeza,6661.56
220,2021,9,4,UPA SUL,Seguranca,14391.76
221,2021,9,5,CLINICA MUNICIPAL,Energia,18996.93
222,2021,9,5,CLINICA MUNICIPAL,Agua,23594.12
223,2021,9,5,CLINICA MUNICIPAL,Manutencao,34632.13
224,2021,9,5,CLINICA MUNICIPAL,Limpeza,18232.84
225,2021,9,5,CLINICA MUNICIPAL,Seguranca,12420.5
226,2021,10,1,HOSPITAL CENTRAL,Energia,26837.57
227,2021,10,1,HOSPITAL CENTRAL,Agua,29396.22
228,2021,10,1,HOSPITAL CENTRAL,Manutencao,28406.66
229,2021,10,1,HOSPITAL CENTRAL,Limpeza,19312.68
230,2021,10,1,HOSPITAL CENTRAL,Seguranca,6373.74
231,2021,10,2,HOSPITAL REGIONAL,Energia,36870.7
232,2021,10,2,HOSPITAL REGIONAL,Agua,6426.07
233,2021,10,2,HOSPITAL REGIONAL,Manutencao,32453.53
234,2021,10,2,HOSPITAL REGIONAL,Limpeza,8268.78
235,2021,10,2,HOSPITAL REGIONAL,Seguranca,30879.01
236,2021,10,3,UPA NORTE,Energia,16360.33
237,2021,10,3,UPA NORTE,Agua,8345.61
238,2021,10,3,UPA NORTE,Manutencao,12528.38
239,2021,10,3,UPA NORTE,Limpeza,37362.9
240,2021,10,3,UPA NORTE,Seguranca,23990.96
241,2021,10,4,UPA SUL,Energia,33225.11
242,2021,10,4,UPA SUL,Agua,24016.16
243,2021,10,4,UPA SUL,Manutencao,33504.7
244,2021,10,4,UPA SUL,Limpeza,11777.51
245,2021,10,4,UPA SUL,Seguranca,28921.53
246,2021,10,5,CLINICA MUNICIPAL,Energia,26188.42
247,2021,10,5,CLINICA MUNICIPAL,Agua,6783.01
248,2021,10,5,CLINICA MUNICIPAL,Manutencao,13240.93
249,2021,10,5,CLINICA MUNICIPAL,Limpeza,23370.29
250,2021,10,5,CLINICA MUNICIPAL,Seguranca,34042.94
251,2021,11,1,HOSPITAL CENTRAL,Energia,7551.39
252,2021,11,1,HOSPITAL CENTRAL,Agua,38293.96
253,2021,11,1,HOSPITAL CENTRAL,Manutencao,9536.31
254,2021,11,1,HOSPITAL CENTRAL,Limpeza,31933.74
255,2021,11,1,HOSPITAL CENTRAL,Seguranca,24666.95
256,2021,11,2,HOSPITAL REGIONAL,Energia,12254.61
257,2021,11,2,HOSPITAL REGIONAL,Agua,36753.18
258,2021,11,2,HOSPITAL REGIONAL,Manutencao,8454.75
259,2021,11,2,HOSPITAL REGIONAL,Limpeza,38557.39
260,2021,11,2,HOSPITAL REGIONAL,Seguranca,23421.44
261,2021,11,3,UPA NORTE,Energia,35009.42
262,2021,11,3,UPA NORTE,Agua,34432.89
263,2021,11,3,UPA NORTE,Manutencao,7643.69
264,2021,11,3,UPA NORTE,Limpeza,10692.31
265,2021,11,3,UPA NORTE,Seguranca,14100.64
266,2021,11,4,UPA SUL,Energia,12824.81
267,2021,11,4,UPA SUL,Agua,16381.04
268,2021,11,4,UPA SUL,Manutencao,15901.55
269,2021,11,4,UPA SUL,Limpeza,5676.91
270,2021,11,4,UPA SUL,Seguranca,38609.0
271,2021,11,5,CLINICA MUNICIPAL,Energia,23002.96
272,2021,11,5,CLINICA MUNICIPAL,Agua,9540.35
273,2021,11,5,CLINICA MUNICIPAL,Manutencao,10492.33
274,2021,11,5,CLINICA MUNICIPAL,Limpeza,19502.4
275,2021,11,5,CLINICA MUNICIPAL,Seguranca,15052.78
276,2021,12,1,HOSPITAL CENTRAL,Energia,5536.81
277,2021,12,1,HOSPITAL CENTRAL,Agua,20761.94
278,2021,12,1,HOSPITAL CENTRAL,Manutencao,30107.09
279,2021,12,1,HOSPITAL CENTRAL,Limpeza,11583.06
280,2021,12,1,HOSPITAL CENTRAL,Seguranca,9687.92
281,2021,12,2,HOSPITAL REGIONAL,Energia,9150.88
282,2021,12,2,HOSPITAL REGIONAL,Agua,26261.8
283,2021,12,2,HOSPITAL REGIONAL,Manutencao,39495.94
284,2021,12,2,HOSPITAL REGIONAL,Limpeza,10794.44
285,2021,12,2,HOSPITAL REGIONAL,Seguranca,18492.55
286,2021,12,3,UPA NORTE,Energia,5536.22
287,2021,12,3,UPA NORTE,Agua,11638.75
288,2021,12,3,UPA NORTE,Manutencao,7313.99
289,2021,12,3,UPA NORTE,Limpeza,39189.81
290,2021,12,3,UPA NORTE,Seguranca,36148.75
291,2021,12,4,UPA SUL,Energia,37595.13
292,2021,12,4,UPA SUL,Agua,33047.24
293,2021,12,4,UPA SUL,Manutencao,30639.25
294,2021,12,4,UPA SUL,Limpeza,24972.91
295,2021,12,4,UPA SUL,Seguranca,35107.54
296,2021,12,5,CLINICA MUNICIPAL,Energia,16533.45
297,2021,12,5,CLINICA MUNICIPAL,Agua,25143.47
298,2021,12,5,CLINICA MUNICIPAL,Manutencao,26723.19
299,2021,12,5,CLINICA MUNICIPAL,Limpeza,38903.66
300,2021,12,5,CLINICA MUNICIPAL,Seguranca,20635.03
301,2022,1,1,HOSPITAL CENTRAL,Energia,25050.23
302,2022,1,1,HOSPITAL CENTRAL,Agua,19707.02
303,2022,1,1,HOSPITAL CENTRAL,Manutencao,17550.02
304,2022,1,1,HOSPITAL CENTRAL,Limpeza,14837.61
305,2022,1,1,HOSPITAL CENTRAL,Seguranca,19685.39
306,2022,1,2,HOSPITAL REGIONAL,Energia,25299.24
307,2022,1,2,HOSPITAL REGIONAL,Agua,38618.3
308,2022,1,2,HOSPITAL REGIONAL,Manutencao,13977.5
309,2022,1,2,HOSPITAL REGIONAL,Limpeza,28005.53
310,2022,1,2,HOSPITAL REGIONAL,Seguranca,34230.69
311,2022,1,3,UPA NORTE,Energia,19576.64
312,2022,1,3,UPA NORTE,Agua,16545.58
313,2022,1,3,UPA NORTE,Manutencao,13031.36
314,2022,1,3,UPA NORTE,Limpeza,17266.27
315,2022,1,3,UPA NORTE,Seguranca,28446.09
316,2022,1,4,UPA SUL,Energia,37860.24
317,2022,1,4,UPA SUL,Agua,28469.89
318,2022,1,4,UPA SUL,Manutencao,7592.74
319,2022,1,4,UPA SUL,Limpeza,9145.87
320,2022,1,4,UPA SUL,Seguranca,24120.53
321,2022,1,5,CLINICA MUNICIPAL,Energia,27767.08
322,2022,1,5,CLINICA MUNICIPAL,Agua,35446.06
323,2022,1,5,CLINICA MUNICIPAL,Manutencao,5815.4
324,2022,1,5,CLINICA MUNICIPAL,Limpeza,32387.4
325,2022,1,5,CLINICA MUNICIPAL,Seguranca,14466.72
326,2022,2,1,HOSPITAL CENTRAL,Energia,23563.35
327,2022,2,1,HOSPITAL CENTRAL,Agua,6080.27
328,2022,2,1,HOSPITAL CENTRAL,Manutencao,39333.0
329,2022,2,1,HOSPITAL CENTRAL,Limpeza,18515.99
330,2022,2,1,HOSPITAL CENTRAL,Seguranca,38367.9
331,2022,2,2,HOSPITAL REGIONAL,Energia,26684.56
332,2022,2,2,HOSPITAL REGIONAL,Agua,29556.75
333,2022,2,2,HOSPITAL REGIONAL,Manutencao,38212.08
334,2022,2,2,HOSPITAL REGIONAL,Limpeza,36380.72
335,2022,2,2,HOSPITAL REGIONAL,Seguranca,17434.36
336,2022,2,3,UPA NORTE,Energia,24210.79
337,2022,2,3,UPA NORTE,Agua,33393.43
338,2022,2,3,UPA NORTE,Manutencao,14787.35
339,2022,2,3,UPA NORTE,Limpeza,8343.37
340,2022,2,3,UPA NORTE,Seguranca,14936.74
341,2022,2,4,UPA SUL,Energia,37693.46
342,2022,2,4,UPA SUL,Agua,29577.97
343,2022,2,4,UPA SUL,Manutencao,19502.06
344,2022,2,4,UPA SUL,Limpeza,35220.15
345,2022,2,4,UPA SUL,Seguranca,6337.64
346,2022,2,5,CLINICA MUNICIPAL,Energia,19983.21
347,2022,2,5,CLINICA MUNICIPAL,Agua,5218.95
348,2022,2,5,CLINICA MUNICIPAL,Manutencao,11689.65
349,2022,2,5,CLINICA MUNICIPAL,Limpeza,36837.17
350,2022,2,5,CLINICA MUNICIPAL,Seguranca,16802.79
351,2022,3,1,HOSPITAL CENTRAL,Energia,24216.68
352,2022,3,1,HOSPITAL CENTRAL,Agua,5874.43
353,2022,3,1,HOSPITAL CENTRAL,Manutencao,19523.28
354,2022,3,1,HOSPITAL CENTRAL,Limpeza,17330.37
355,2022,3,1,HOSPITAL CENTRAL,Seguranca,27494.49
356,2022,3,2,HOSPITAL REGIONAL,Energia,26054.41
357,2022,3,2,HOSPITAL REGIONAL,Agua,39843.79
358,2022,3,2,HOSPITAL REGIONAL,Manutencao,27880.75
359,2022,3,2,HOSPITAL REGIONAL,Limpeza,17772.48
360,2022,3,2,HOSPITAL REGIONAL,Seguranca,14320.14
361,2022,3,3,UPA NORTE,Energia,6899.87
362,2022,3,3,UPA NORTE,Agua,13598.16
363,2022,3,3,UPA NORTE,Manutencao,25182.31
364,2022,3,3,UPA NORTE,Limpeza,28574.73
365,2022,3,3,UPA NORTE,Seguranca,23044.92
366,2022,3,4,UPA SUL,Energia,15287.2
367,2022,3,4,UPA SUL,Agua,39707.36
368,2022,3,4,UPA SUL,Manutencao,11440.81
369,2022,3,4,UPA SUL,Limpeza,30324.85
370,2022,3,4,UPA SUL,Seguranca,30172.77
371,2022,3,5,CLINICA MUNICIPAL,Energia,31793.14
372,2022,3,5,CLINICA MUNICIPAL,Agua,24393.1
373,2022,3,5,CLINICA MUNICIPAL,Manutencao,7466.03
374,2022,3,5,CLINICA MUNICIPAL,Limpeza,9314.62
375,2022,3,5,CLINICA MUNICIPAL,Seguranca,22094.42
376,2022,4,1,HOSPITAL CENTRAL,Energia,21588.15
377,2022,4,1,HOSPITAL CENTRAL,Agua,7874.09
378,2022,4,1,HOSPITAL CENTRAL,Manutencao,38643.27
379,2022,4,1,HOSPITAL CENTRAL,Limpeza,10133.56
380,2022,4,1,HOSPITAL CENTRAL,Seguranca,36491.27
381,2022,4,2,HOSPITAL REGIONAL,Energia,12415.74
382,2022,4,2,HOSPITAL REGIONAL,Agua,33833.01
383,2022,4,2,HOSPITAL REGIONAL,Manutencao,28996.04
384,2022,4,2,HOSPITAL REGIONAL,Limpeza,20000.58
385,2022,4,2,HOSPITAL REGIONAL,Seguranca,10845.33
386,2022,4,3,UPA NORTE,Energia,37844.21
387,2022,4,3,UPA NORTE,Agua,30241.84
388,2022,4,3,UPA NORTE,Manutencao,24571.15
389,2022,4,3,UPA NORTE,Limpeza,18625.45
390,2022,4,3,UPA NORTE,Seguranca,7885.93
391,2022,4,4,UPA SUL,Energia,39445.02
392,2022,4,4,UPA SUL,Agua,29253.79
393,2022,4,4,UPA SUL,Manutencao,15773.81
394,2022,4,4,UPA SUL,Limpeza,38399.39
395,2022,4,4,UPA SUL,Seguranca,10132.61
396,2022,4,5,CLINICA MUNICIPAL,Energia,8741.2
397,2022,4,5,CLINICA MUNICIPAL,Agua,14566.61
398,2022,4,5,CLINICA MUNICIPAL,Manutencao,28159.07
399,2022,4,5,CLINICA MUNICIPAL,Limpeza,26179.51
400,2022,4,5,CLINICA MUNICIPAL,Seguranca,28989.51
401,2022,5,1,HOSPITAL CENTRAL,Energia,27223.15
402,2022,5,1,HOSPITAL CENTRAL,Agua,28904.64
403,2022,5,1,HOSPITAL CENTRAL,Manutencao,11942.34
404,2022,5,1,HOSPITAL CENTRAL,Limpeza,21098.07
405,2022,5,1,HOSPITAL CENTRAL,Seguranca,26066.01
406,2022,5,2,HOSPITAL REGIONAL,Energia,7674.45
407,2022,5,2,HOSPITAL REGIONAL,Agua,19811.59
408,2022,5,2,HOSPITAL REGIONAL,Manutencao,39562.55
409,2022,5,2,HOSPITAL REGIONAL,Limpeza,33792.11
410,2022,5,2,HOSPITAL REGIONAL,Seguranca,31324.71
411,2022,5,3,UPA NORTE,Energia,16049.34
412,2022,5,3,UPA NORTE,Agua,16449.3
413,2022,5,3,UPA NORTE,Manutencao,6058.21
414,2022,5,3,UPA NORTE,Limpeza,17734.78
415,2022,5,3,UPA NORTE,Seguranca,13085.18
416,2022,5,4,UPA SUL,Energia,31010.26
417,2022,5,4,UPA SUL,Agua,21983.87
418,2022,5,4,UPA SUL,Manutencao,19042.76
419,2022,5,4,UPA SUL,Limpeza,28182.47
420,2022,5,4,UPA SUL,Seguranca,26489.2
421,2022,5,5,CLINICA MUNICIPAL,Energia,21512.04
422,2022,5,5,CLINICA MUNICIPAL,Agua,20951.44
423,2022,5,5,CLINICA MUNICIPAL,Manutencao,5840.43
424,2022,5,5,CLINICA MUNICIPAL,Limpeza,22289.27
425,2022,5,5,CLINICA MUNICIPAL,Seguranca,6900.46
426,2022,6,1,HOSPITAL CENTRAL,Energia,37997.84
427,2022,6,1,HOSPITAL CENTRAL,Agua,30572.86
428,2022,6,1,HOSPITAL CENTRAL,Manutencao,11194.01
429,2022,6,1,HOSPITAL CENTRAL,Limpeza,38828.64
430,2022,6,1,HOSPITAL CENTRAL,Seguranca,28614.55
431,2022,6,2,HOSPITAL REGIONAL,Energia,5316.72
432,2022,6,2,HOSPITAL REGIONAL,Agua,31042.6
433,2022,6,2,HOSPITAL REGIONAL,Manutencao,10201.55
434,2022,6,2,HOSPITAL REGIONAL,Limpeza,5232.25
435,2022,6,2,HOSPITAL REGIONAL,Seguranca,32911.6
436,2022,6,3,UPA NORTE,Energia,13755.61
437,2022,6,3,UPA NORTE,Agua,33026.02
438,2022,6,3,UPA NORTE,Manutencao,5253.04
439,2022,6,3,UPA NORTE,Limpeza,20714.24
440,2022,6,3,UPA NORTE,Seguranca,25168.48
441,2022,6,4,UPA SUL,Energia,29527.61
442,2022,6,4,UPA SUL,Agua,20659.14
443,2022,6,4,UPA SUL,Manutencao,11692.7
444,2022,6,4,UPA SUL,Limpeza,37154.47
445,2022,6,4,UPA SUL,Seguranca,25691.98
446,2022,6,5,CLINICA MUNICIPAL,Energia,39285.58
447,2022,6,5,CLINICA MUNICIPAL,Agua,6676.95
448,2022,6,5,CLINICA MUNICIPAL,Manutencao,35506.53
449,2022,6,5,CLINICA MUNICIPAL,Limpeza,6560.81
450,2022,6,5,CLINICA MUNICIPAL,Seguranca,14808.77
451,2022,7,1,HOSPITAL CENTRAL,Energia,33362.66
452,2022,7,1,HOSPITAL CENTRAL,Agua,30024.88
453,2022,7,1,HOSPITAL CENTRAL,Manutencao,23254.75
454,2022,7,1,HOSPITAL CENTRAL,Limpeza,37546.52
455,2022,7,1,HOSPITAL CENTRAL,Seguranca,35816.64
456,2022,7,2,HOSPITAL REGIONAL,Energia,35364.05
457,2022,7,2,HOSPITAL REGIONAL,Agua,32520.95
458,2022,7,2,HOSPITAL REGIONAL,Manutencao,7544.05
459,2022,7,2,HOSPITAL REGIONAL,Limpeza,34558.56
460,2022,7,2,HOSPITAL REGIONAL,Seguranca,33391.22
461,2022,7,3,UPA NORTE,Energia,22017.24
462,2022,7,3,UPA NORTE,Agua,20784.13
463,2022,7,3,UPA NORTE,Manutencao,39896.23
464,2022,7,3,UPA NORTE,Limpeza,6899.89
465,2022,7,3,UPA NORTE,Seguranca,5507.75
466,2022,7,4,UPA SUL,Energia,21272.67
467,2022,7,4,UPA SUL,Agua,14673.51
468,2022,7,4,UPA SUL,Manutencao,9757.49
469,2022,7,4,UPA SUL,Limpeza,18614.94
470,2022,7,4,UPA SUL,Seguranca,8526.86
471,2022,7,5,CLINICA MUNICIPAL,Energia,6167.72
472,2022,7,5,CLINICA MUNICIPAL,Agua,10929.46
473,2022,7,5,CLINICA MUNICIPAL,Manutencao,27480.12
474,2022,7,5,CLINICA MUNICIPAL,Limpeza,15805.87
475,2022,7,5,CLINICA MUNICIPAL,Seguranca,18288.37
476,2022,8,1,HOSPITAL CENTRAL,Energia,16028.42
477,2022,8,1,HOSPITAL CENTRAL,Agua,31417.76
478,2022,8,1,HOSPITAL CENTRAL,Manutencao,29489.77
479,2022,8,1,HOSPITAL CENTRAL,Limpeza,20874.01
480,2022,8,1,HOSPITAL CENTRAL,Seguranca,19917.75
481,2022,8,2,HOSPITAL REGIONAL,Energia,14677.42
482,2022,8,2,HOSPITAL REGIONAL,Agua,19489.48
483,2022,8,2,HOSPITAL REGIONAL,Manutencao,21552.33
484,2022,8,2,HOSPITAL REGIONAL,Limpeza,15378.79
485,2022,8,2,HOSPITAL REGIONAL,Seguranca,27680.36
486,2022,8,3,UPA NORTE,Energia,5549.56
487,2022,8,3,UPA NORTE,Agua,31526.38
488,2022,8,3,UPA NORTE,Manutencao,31545.73
489,2022,8,3,UPA NORTE,Limpeza,15761.33
490,2022,8,3,UPA NORTE,Seguranca,20474.2
491,2022,8,4,UPA SUL,Energia,21264.24
492,2022,8,4,UPA SUL,Agua,14625.49
493,2022,8,4,UPA SUL,Manutencao,25848.91
494,2022,8,4,UPA SUL,Limpeza,25121.17
495,2022,8,4,UPA SUL,Seguranca,39076.22
496,2022,8,5,CLINICA MUNICIPAL,Energia,32436.98
497,2022,8,5,CLINICA MUNICIPAL,Agua,17096.64
498,2022,8,5,CLINICA MUNICIPAL,Manutencao,19250.93
499,2022,8,5,CLINICA MUNICIPAL,Limpeza,27798.25
500,2022,8,5,CLINICA MUNICIPAL,Seguranca,37424.09
501,2022,9,1,HOSPITAL CENTRAL,Energia,19307.05
502,2022,9,1,HOSPITAL CENTRAL,Agua,35608.67
503,2022,9,1,HOSPITAL CENTRAL,Manutencao,14409.96
504,2022,9,1,HOSPITAL CENTRAL,Limpeza,15930.13
505,2022,9,1,HOSPITAL CENTRAL,Seguranca,8499.45
506,2022,9,2,HOSPITAL REGIONAL,Energia,32016.83
507,2022,9,2,HOSPITAL REGIONAL,Agua,29830.94
508,2022,9,2,HOSPITAL REGIONAL,Manutencao,18539.07
509,2022,9,2,HOSPITAL REGIONAL,Limpeza,34279.61
510,2022,9,2,HOSPITAL REGIONAL,Seguranca,8669.28
511,2022,9,3,UPA NORTE,Energia,39243.76
512,2022,9,3,UPA NORTE,Agua,18975.5
513,2022,9,3,UPA NORTE,Manutencao,18260.61
514,2022,9,3,UPA NORTE,Limpeza,19738.47
515,2022,9,3,UPA NORTE,Seguranca,19167.42
516,2022,9,4,UPA SUL,Energia,6932.37
517,2022,9,4,UPA SUL,Agua,32404.42
518,2022,9,4,UPA SUL,Manutencao,11447.05
519,2022,9,4,UPA SUL,Limpeza,18201.26
520,2022,9,4,UPA SUL,Seguranca,19219.08
521,2022,9,5,CLINICA MUNICIPAL,Energia,16142.25
522,2022,9,5,CLINICA MUNICIPAL,Agua,37637.04
523,2022,9,5,CLINICA MUNICIPAL,Manutencao,33438.9
524,2022,9,5,CLINICA MUNICIPAL,Limpeza,22032.53
525,2022,9,5,CLINICA MUNICIPAL,Seguranca,14495.31
526,2022,10,1,HOSPITAL CENTRAL,Energia,23065.36
527,2022,10,1,HOSPITAL CENTRAL,Agua,8285.55
528,2022,10,1,HOSPITAL CENTRAL,Manutencao,15464.14
529,2022,10,1,HOSPITAL CENTRAL,Limpeza,12599.15
530,2022,10,1,HOSPITAL CENTRAL,Seguranca,13860.64
531,2022,10,2,HOSPITAL REGIONAL,Energia,28461.19
532,2022,10,2,HOSPITAL REGIONAL,Agua,23457.89
533,2022,10,2,HOSPITAL REGIONAL,Manutencao,28155.36
534,2022,10,2,HOSPITAL REGIONAL,Limpeza,10719.95
535,2022,10,2,HOSPITAL REGIONAL,Seguranca,33117.29
536,2022,10,3,UPA NORTE,Energia,20562.82
537,2022,10,3,UPA NORTE,Agua,39615.39
538,2022,10,3,UPA NORTE,Manutencao,21021.95
539,2022,10,3,UPA NORTE,Limpeza,20411.44
540,2022,10,3,UPA NORTE,Seguranca,32797.22
541,2022,10,4,UPA SUL,Energia,26633.57
542,2022,10,4,UPA SUL,Agua,6231.29
543,2022,10,4,UPA SUL,Manutencao,7402.53
544,2022,10,4,UPA SUL,Limpeza,32412.16
545,2022,10,4,UPA SUL,Seguranca,13624.42
546,2022,10,5,CLINICA MUNICIPAL,Energia,14861.71
547,2022,10,5,CLINICA MUNICIPAL,Agua,7819.59
548,2022,10,5,CLINICA MUNICIPAL,Manutencao,12521.16
549,2022,10,5,CLINICA MUNICIPAL,Limpeza,27557.04
550,2022,10,5,CLINICA MUNICIPAL,Seguranca,8540.77
551,2022,11,1,HOSPITAL CENTRAL,Energia,20458.76
552,2022,11,1,HOSPITAL CENTRAL,Agua,30969.84
553,2022,11,1,HOSPITAL CENTRAL,Manutencao,14256.37
554,2022,11,1,HOSPITAL CENTRAL,Limpeza,6028.61
555,2022,11,1,HOSPITAL CENTRAL,Seguranca,22390.43
556,2022,11,2,HOSPITAL REGIONAL,Energia,39978.56
557,2022,11,2,HOSPITAL REGIONAL,Agua,18528.52
558,2022,11,2,HOSPITAL REGIONAL,Manutencao,38007.56
559,2022,11,2,HOSPITAL REGIONAL,Limpeza,24794.92
560,2022,11,2,HOSPITAL REGIONAL,Seguranca,9533.46
561,2022,11,3,UPA NORTE,Energia,12911.93
562,2022,11,3,UPA NORTE,Agua,24804.82
563,2022,11,3,UPA NORTE,Manutencao,34459.83
564,2022,11,3,UPA NORTE,Limpeza,11353.83
565,2022,11,3,UPA NORTE,Seguranca,31487.8
566,2022,11,4,UPA SUL,Energia,18027.8
567,2022,11,4,UPA SUL,Agua,37805.06
568,2022,11,4,UPA SUL,Manutencao,24353.53
569,2022,11,4,UPA SUL,Limpeza,38277.1
570,2022,11,4,UPA SUL,Seguranca,27708.84
571,2022,11,5,CLINICA MUNICIPAL,Energia,7362.29
572,2022,11,5,CLINICA MUNICIPAL,Agua,33431.47
573,2022,11,5,CLINICA MUNICIPAL,Manutencao,7595.37
574,2022,11,5,CLINICA MUNICIPAL,Limpeza,34447.65
575,2022,11,5,CLINICA MUNICIPAL,Seguranca,31024.44
576,2022,12,1,HOSPITAL CENTRAL,Energia,18566.34
577,2022,12,1,HOSPITAL CENTRAL,Agua,28568.95
578,2022,12,1,HOSPITAL CENTRAL,Manutencao,29415.39
579,2022,12,1,HOSPITAL CENTRAL,Limpeza,19172.61
580,2022,12,1,HOSPITAL CENTRAL,Seguranca,5239.83
581,2022,12,2,HOSPITAL REGIONAL,Energia,14017.28
582,2022,12,2,HOSPITAL REGIONAL,Agua,39854.48
583,2022,12,2,HOSPITAL REGIONAL,Manutencao,9508.24
584,2022,12,2,HOSPITAL REGIONAL,Limpeza,21769.13
585,2022,12,2,HOSPITAL REGIONAL,Seguranca,19036.72
586,2022,12,3,UPA NORTE,Energia,27341.08
587,2022,12,3,UPA NORTE,Agua,27804.39
588,2022,12,3,UPA NORTE,Manutencao,22191.92
589,2022,12,3,UPA NORTE,Limpeza,17070.55
590,2022,12,3,UPA NORTE,Seguranca,35457.54
591,2022,12,4,UPA SUL,Energia,20581.52
592,2022,12,4,UPA SUL,Agua,18920.3
593,2022,12,4,UPA SUL,Manutencao,38473.92
594,2022,12,4,UPA SUL,Limpeza,19722.66
595,2022,12,4,UPA SUL,Seguranca,35504.03
596,2022,12,5,CLINICA MUNICIPAL,Energia,28206.76
597,2022,12,5,CLINICA MUNICIPAL,Agua,39632.19
598,2022,12,5,CLINICA MUNICIPAL,Manutencao,39301.63
599,2022,12,5,CLINICA MUNICIPAL,Limpeza,23737.45
600,2022,12,5,CLINICA MUNICIPAL,Seguranca,23099.53
601,2023,1,1,HOSPITAL CENTRAL,Energia,30143.85
602,2023,1,1,HOSPITAL CENTRAL,Agua,18014.01
603,2023,1,1,HOSPITAL CENTRAL,Manutencao,31741.55
604,2023,1,1,HOSPITAL CENTRAL,Limpeza,19202.69
605,2023,1,1,HOSPITAL CENTRAL,Seguranca,37348.68
606,2023,1,2,HOSPITAL REGIONAL,Energia,10296.78
607,2023,1,2,HOSPITAL REGIONAL,Agua,27719.67
608,2023,1,2,HOSPITAL REGIONAL,Manutencao,26901.7
609,2023,1,2,HOSPITAL REGIONAL,Limpeza,37302.56
610,2023,1,2,HOSPITAL REGIONAL,Seguranca,37814.95
611,2023,1,3,UPA NORTE,Energia,34612.62
612,2023,1,3,UPA NORTE,Agua,18846.6
613,2023,1,3,UPA NORTE,Manutencao,35386.26
614,2023,1,3,UPA NORTE,Limpeza,27556.82
615,2023,1,3,UPA NORTE,Seguranca,30953.86
616,2023,1,4,UPA SUL,Energia,38493.97
617,2023,1,4,UPA SUL,Agua,14485.21
618,2023,1,4,UPA SUL,Manutencao,38061.43
619,2023,1,4,UPA SUL,Limpeza,7918.4
620,2023,1,4,UPA SUL,Seguranca,38977.42
621,2023,1,5,CLINICA MUNICIPAL,Energia,34857.52
622,2023,1,5,CLINICA MUNICIPAL,Agua,8706.95
623,2023,1,5,CLINICA MUNICIPAL,Manutencao,24975.43
624,2023,1,5,CLINICA MUNICIPAL,Limpeza,39515.29
625,2023,1,5,CLINICA MUNICIPAL,Seguranca,5276.18
626,2023,2,1,HOSPITAL CENTRAL,Energia,10762.53
627,2023,2,1,HOSPITAL CENTRAL,Agua,9272.32
628,2023,2,1,HOSPITAL CENTRAL,Manutencao,18438.43
629,2023,2,1,HOSPITAL CENTRAL,Limpeza,13287.95
630,2023,2,1,HOSPITAL CENTRAL,Seguranca,33710.79
631,2023,2,2,HOSPITAL REGIONAL,Energia,16888.85
632,2023,2,2,HOSPITAL REGIONAL,Agua,22625.93
633,2023,2,2,HOSPITAL REGIONAL,Manutencao,16306.73
634,2023,2,2,HOSPITAL REGIONAL,Limpeza,18764.82
635,2023,2,2,HOSPITAL REGIONAL,Seguranca,38311.93
636,2023,2,3,UPA NORTE,Energia,10742.41
637,2023,2,3,UPA NORTE,Agua,17234.45
638,2023,2,3,UPA NORTE,Manutencao,9812.64
639,2023,2,3,UPA NORTE,Limpeza,39647.27
640,2023,2,3,UPA NORTE,Seguranca,16065.39
641,2023,2,4,UPA SUL,Energia,26529.75
642,2023,2,4,UPA SUL,Agua,27569.4
643,2023,2,4,UPA SUL,Manutencao,33879.99
644,2023,2,4,UPA SUL,Limpeza,8492.58
645,2023,2,4,UPA SUL,Seguranca,22281.59
646,2023,2,5,CLINICA MUNICIPAL,Energia,14995.22
647,2023,2,5,CLINICA MUNICIPAL,Agua,24166.6
648,2023,2,5,CLINICA MUNICIPAL,Manutencao,11031.79
649,2023,2,5,CLINICA MUNICIPAL,Limpeza,35961.22
650,2023,2,5,CLINICA MUNICIPAL,Seguranca,21772.44
651,2023,3,1,HOSPITAL CENTRAL,Energia,35264.09
652,2023,3,1,HOSPITAL CENTRAL,Agua,23955.31
653,2023,3,1,HOSPITAL CENTRAL,Manutencao,30887.67
654,2023,3,1,HOSPITAL CENTRAL,Limpeza,6221.21
655,2023,3,1,HOSPITAL CENTRAL,Seguranca,7473.91
656,2023,3,2,HOSPITAL REGIONAL,Energia,32636.2
657,2023,3,2,HOSPITAL REGIONAL,Agua,21019.07
658,2023,3,2,HOSPITAL REGIONAL,Manutencao,30704.43
659,2023,3,2,HOSPITAL REGIONAL,Limpeza,39710.92
660,2023,3,2,HOSPITAL REGIONAL,Seguranca,26201.39
661,2023,3,3,UPA NORTE,Energia,31210.82
662,2023,3,3,UPA NORTE,Agua,38624.66
663,2023,3,3,UPA NORTE,Manutencao,35462.1
664,2023,3,3,UPA NORTE,Limpeza,25869.18
665,2023,3,3,UPA NORTE,Seguranca,29897.6
666,2023,3,4,UPA SUL,Energia,18086.18
667,2023,3,4,UPA SUL,Agua,32162.61
668,2023,3,4,UPA SUL,Manutencao,21945.36
669,2023,3,4,UPA SUL,Limpeza,8003.03
670,2023,3,4,UPA SUL,Seguranca,18825.93
671,2023,3,5,CLINICA MUNICIPAL,Energia,12806.73
672,2023,3,5,CLINICA MUNICIPAL,Agua,36710.27
673,2023,3,5,CLINICA MUNICIPAL,Manutencao,29732.86
674,2023,3,5,CLINICA MUNICIPAL,Limpeza,38480.92
675,2023,3,5,CLINICA MUNICIPAL,Seguranca,7078.13
676,2023,4,1,HOSPITAL CENTRAL,Energia,8263.34
677,2023,4,1,HOSPITAL CENTRAL,Agua,5061.01
678,2023,4,1,HOSPITAL CENTRAL,Manutencao,27726.49
679,2023,4,1,HOSPITAL CENTRAL,Limpeza,37457.34
680,2023,4,1,HOSPITAL CENTRAL,Seguranca,30967.26
681,2023,4,2,HOSPITAL REGIONAL,Energia,38572.4
682,2023,4,2,HOSPITAL REGIONAL,Agua,13288.97
683,2023,4,2,HOSPITAL REGIONAL,Manutencao,36737.5
684,2023,4,2,HOSPITAL REGIONAL,Limpeza,25949.1
685,2023,4,2,HOSPITAL REGIONAL,Seguranca,24214.94
686,2023,4,3,UPA NORTE,Energia,22974.58
687,2023,4,3,UPA NORTE,Agua,19385.43
688,2023,4,3,UPA NORTE,Manutencao,16610.87
689,2023,4,3,UPA NORTE,Limpeza,33417.56
690,2023,4,3,UPA NORTE,Seguranca,21440.48
691,2023,4,4,UPA SUL,Energia,12390.98
692,2023,4,4,UPA SUL,Agua,25082.89
693,2023,4,4,UPA SUL,Manutencao,24368.49
694,2023,4,4,UPA SUL,Limpeza,9124.57
695,2023,4,4,UPA SUL,Seguranca,7147.7
696,2023,4,5,CLINICA MUNICIPAL,Energia,28962.79
697,2023,4,5,CLINICA MUNICIPAL,Agua,11655.89
698,2023,4,5,CLINICA MUNICIPAL,Manutencao,20646.54
699,2023,4,5,CLINICA MUNICIPAL,Limpeza,39645.6
700,2023,4,5,CLINICA MUNICIPAL,Seguranca,13579.48
701,2023,5,1,HOSPITAL CENTRAL,Energia,17744.3
702,2023,5,1,HOSPITAL CENTRAL,Agua,37946.75
703,2023,5,1,HOSPITAL CENTRAL,Manutencao,24279.55
704,2023,5,1,HOSPITAL CENTRAL,Limpeza,17745.3
705,2023,5,1,HOSPITAL CENTRAL,Seguranca,39585.44
706,2023,5,2,HOSPITAL REGIONAL,Energia,34782.51
707,2023,5,2,HOSPITAL REGIONAL,Agua,5944.96
708,2023,5,2,HOSPITAL REGIONAL,Manutencao,30802.23
709,2023,5,2,HOSPITAL REGIONAL,Limpeza,16047.63
710,2023,5,2,HOSPITAL REGIONAL,Seguranca,18743.78
711,2023,5,3,UPA NORTE,Energia,14578.13
712,2023,5,3,UPA NORTE,Agua,35640.21
713,2023,5,3,UPA NORTE,Manutencao,22138.88
714,2023,5,3,UPA NORTE,Limpeza,35523.17
715,2023,5,3,UPA NORTE,Seguranca,29249.83
716,2023,5,4,UPA SUL,Energia,38691.67
717,2023,5,4,UPA SUL,Agua,9044.14
718,2023,5,4,UPA SUL,Manutencao,31859.95
719,2023,5,4,UPA SUL,Limpeza,27967.42
720,2023,5,4,UPA SUL,Seguranca,35787.64
721,2023,5,5,CLINICA MUNICIPAL,Energia,6638.34
722,2023,5,5,CLINICA MUNICIPAL,Agua,11148.58
723,2023,5,5,CLINICA MUNICIPAL,Manutencao,14525.73
724,2023,5,5,CLINICA MUNICIPAL,Limpeza,33674.91
725,2023,5,5,CLINICA MUNICIPAL,Seguranca,35453.02
726,2023,6,1,HOSPITAL CENTRAL,Energia,18647.12
727,2023,6,1,HOSPITAL CENTRAL,Agua,17429.98
728,2023,6,1,HOSPITAL CENTRAL,Manutencao,36468.96
729,2023,6,1,HOSPITAL CENTRAL,Limpeza,38364.9
730,2023,6,1,HOSPITAL CENTRAL,Seguranca,23431.67
731,2023,6,2,HOSPITAL REGIONAL,Energia,17663.79
732,2023,6,2,HOSPITAL REGIONAL,Agua,32314.34
733,2023,6,2,HOSPITAL REGIONAL,Manutencao,15046.48
734,2023,6,2,HOSPITAL REGIONAL,Limpeza,23328.2
735,2023,6,2,HOSPITAL REGIONAL,Seguranca,34165.53
736,2023,6,3,UPA NORTE,Energia,32604.85
737,2023,6,3,UPA NORTE,Agua,29197.84
738,2023,6,3,UPA NORTE,Manutencao,24607.59
739,2023,6,3,UPA NORTE,Limpeza,10153.74
740,2023,6,3,UPA NORTE,Seguranca,28673.04
741,2023,6,4,UPA SUL,Energia,36831.58
742,2023,6,4,UPA SUL,Agua,15534.77
743,2023,6,4,UPA SUL,Manutencao,11405.21
744,2023,6,4,UPA SUL,Limpeza,29535.65
745,2023,6,4,UPA SUL,Seguranca,9856.9
746,2023,6,5,CLINICA MUNICIPAL,Energia,8691.46
747,2023,6,5,CLINICA MUNICIPAL,Agua,9939.81
748,2023,6,5,CLINICA MUNICIPAL,Manutencao,38488.51
749,2023,6,5,CLINICA MUNICIPAL,Limpeza,25688.69
750,2023,6,5,CLINICA MUNICIPAL,Seguranca,24356.29
751,2023,7,1,HOSPITAL CENTRAL,Energia,24500.91
752,2023,7,1,HOSPITAL CENTRAL,Agua,22489.07
753,2023,7,1,HOSPITAL CENTRAL,Manutencao,28831.53
754,2023,7,1,HOSPITAL CENTRAL,Limpeza,33239.62
755,2023,7,1,HOSPITAL CENTRAL,Seguranca,29767.75
756,2023,7,2,HOSPITAL REGIONAL,Energia,31519.19
757,2023,7,2,HOSPITAL REGIONAL,Agua,14233.53
758,2023,7,2,HOSPITAL REGIONAL,Manutencao,39285.48
759,2023,7,2,HOSPITAL REGIONAL,Limpeza,15294.22
760,2023,7,2,HOSPITAL REGIONAL,Seguranca,25658.65
761,2023,7,3,UPA NORTE,Energia,25114.32
762,2023,7,3,UPA NORTE,Agua,23310.1
763,2023,7,3,UPA NORTE,Manutencao,15365.67
764,2023,7,3,UPA NORTE,Limpeza,26285.94
765,2023,7,3,UPA NORTE,Seguranca,15797.67
766,2023,7,4,UPA SUL,Energia,16078.33
767,2023,7,4,UPA SUL,Agua,37448.37
768,2023,7,4,UPA SUL,Manutencao,17258.26
769,2023,7,4,UPA SUL,Limpeza,27487.25
770,2023,7,4,UPA SUL,Seguranca,23199.05
771,2023,7,5,CLINICA MUNICIPAL,Energia,38996.26
772,2023,7,5,CLINICA MUNICIPAL,Agua,39003.78
773,2023,7,5,CLINICA MUNICIPAL,Manutencao,13312.81
774,2023,7,5,CLINICA MUNICIPAL,Limpeza,7345.15
775,2023,7,5,CLINICA MUNICIPAL,Seguranca,12020.23
776,2023,8,1,HOSPITAL CENTRAL,Energia,15182.25
777,2023,8,1,HOSPITAL CENTRAL,Agua,22206.89
778,2023,8,1,HOSPITAL CENTRAL,Manutencao,9389.27
779,2023,8,1,HOSPITAL CENTRAL,Limpeza,28372.73
780,2023,8,1,HOSPITAL CENTRAL,Seguranca,5793.64
781,2023,8,2,HOSPITAL REGIONAL,Energia,34870.39
782,2023,8,2,HOSPITAL REGIONAL,Agua,31082.6
783,2023,8,2,HOSPITAL REGIONAL,Manutencao,32013.46
784,2023,8,2,HOSPITAL REGIONAL,Limpeza,34952.9
785,2023,8,2,HOSPITAL REGIONAL,Seguranca,38890.86
786,2023,8,3,UPA NORTE,Energia,10217.15
787,2023,8,3,UPA NORTE,Agua,25351.61
788,2023,8,3,UPA NORTE,Manutencao,24320.15
789,2023,8,3,UPA NORTE,Limpeza,20129.51
790,2023,8,3,UPA NORTE,Seguranca,16278.75
791,2023,8,4,UPA SUL,Energia,13834.5
792,2023,8,4,UPA SUL,Agua,14840.87
793,2023,8,4,UPA SUL,Manutencao,38356.21
794,2023,8,4,UPA SUL,Limpeza,36730.76
795,2023,8,4,UPA SUL,Seguranca,7321.57
796,2023,8,5,CLINICA MUNICIPAL,Energia,8537.29
797,2023,8,5,CLINICA MUNICIPAL,Agua,26243.0
798,2023,8,5,CLINICA MUNICIPAL,Manutencao,11437.89
799,2023,8,5,CLINICA MUNICIPAL,Limpeza,13222.46
800,2023,8,5,CLINICA MUNICIPAL,Seguranca,5963.13
801,2023,9,1,HOSPITAL CENTRAL,Energia,21172.87
802,2023,9,1,HOSPITAL CENTRAL,Agua,5724.43
803,2023,9,1,HOSPITAL CENTRAL,Manutencao,19875.72
804,2023,9,1,HOSPITAL CENTRAL,Limpeza,38193.25
805,2023,9,1,HOSPITAL CENTRAL,Seguranca,33711.46
806,2023,9,2,HOSPITAL REGIONAL,Energia,35285.88
807,2023,9,2,HOSPITAL REGIONAL,Agua,29260.88
808,2023,9,2,HOSPITAL REGIONAL,Manutencao,9033.39
809,2023,9,2,HOSPITAL REGIONAL,Limpeza,27176.3
810,2023,9,2,HOSPITAL REGIONAL,Seguranca,27935.67
811,2023,9,3,UPA NORTE,Energia,5158.07
812,2023,9,3,UPA NORTE,Agua,28585.37
813,2023,9,3,UPA NORTE,Manutencao,37421.82
814,2023,9,3,UPA NORTE,Limpeza,14458.3
815,2023,9,3,UPA NORTE,Seguranca,34161.36
816,2023,9,4,UPA SUL,Energia,10559.06
817,2023,9,4,UPA SUL,Agua,13885.34
818,2023,9,4,UPA SUL,Manutencao,26368.64
819,2023,9,4,UPA SUL,Limpeza,24352.65
820,2023,9,4,UPA SUL,Seguranca,36406.83
821,2023,9,5,CLINICA MUNICIPAL,Energia,22910.64
822,2023,9,5,CLINICA MUNICIPAL,Agua,38632.73
823,2023,9,5,CLINICA MUNICIPAL,Manutencao,37249.67
824,2023,9,5,CLINICA MUNICIPAL,Limpeza,30585.77
825,2023,9,5,CLINICA MUNICIPAL,Seguranca,22286.61
826,2023,10,1,HOSPITAL CENTRAL,Energia,11981.01
827,2023,10,1,HOSPITAL CENTRAL,Agua,29905.45
828,2023,10,1,HOSPITAL CENTRAL,Manutencao,18246.99
829,2023,10,1,HOSPITAL CENTRAL,Limpeza,39592.71
830,2023,10,1,HOSPITAL CENTRAL,Seguranca,34351.79
831,2023,10,2,HOSPITAL REGIONAL,Energia,37865.51
832,2023,10,2,HOSPITAL REGIONAL,Agua,30942.99
833,2023,10,2,HOSPITAL REGIONAL,Manutencao,12041.22
834,2023,10,2,HOSPITAL REGIONAL,Limpeza,37237.9
835,2023,10,2,HOSPITAL REGIONAL,Seguranca,14708.18
836,2023,10,3,UPA NORTE,Energia,22894.52
837,2023,10,3,UPA NORTE,Agua,24721.74
838,2023,10,3,UPA NORTE,Manutencao,19495.71
839,2023,10,3,UPA NORTE,Limpeza,26947.76
840,2023,10,3,UPA NORTE,Seguranca,15542.07
841,2023,10,4,UPA SUL,Energia,31983.98
842,2023,10,4,UPA SUL,Agua,37667.36
843,2023,10,4,UPA SUL,Manutencao,28705.06
844,2023,10,4,UPA SUL,Limpeza,11550.82
845,2023,10,4,UPA SUL,Seguranca,35759.01
846,2023,10,5,CLINICA MUNICIPAL,Energia,34301.13
847,2023,10,5,CLINICA MUNICIPAL,Agua,39962.45
848,2023,10,5,CLINICA MUNICIPAL,Manutencao,8547.84
849,2023,10,5,CLINICA MUNICIPAL,Limpeza,18884.64
850,2023,10,5,CLINICA MUNICIPAL,Seguranca,12194.95
851,2023,11,1,HOSPITAL CENTRAL,Energia,14880.46
852,2023,11,1,HOSPITAL CENTRAL,Agua,21704.02
853,2023,11,1,HOSPITAL CENTRAL,Manutencao,28556.61
854,2023,11,1,HOSPITAL CENTRAL,Limpeza,17009.29
855,2023,11,1,HOSPITAL CENTRAL,Seguranca,11716.39
856,2023,11,2,HOSPITAL REGIONAL,Energia,7205.26
857,2023,11,2,HOSPITAL REGIONAL,Agua,33651.43
858,2023,11,2,HOSPITAL REGIONAL,Manutencao,20257.41
859,2023,11,2,HOSPITAL REGIONAL,Limpeza,36313.51
860,2023,11,2,HOSPITAL REGIONAL,Seguranca,22585.25
861,2023,11,3,UPA NORTE,Energia,38526.69
862,2023,11,3,UPA NORTE,Agua,12598.1
863,2023,11,3,UPA NORTE,Manutencao,32998.46
864,2023,11,3,UPA NORTE,Limpeza,13492.69
865,2023,11,3,UPA NORTE,Seguranca,17259.47
866,2023,11,4,UPA SUL,Energia,11091.23
867,2023,11,4,UPA SUL,Agua,20183.41
868,2023,11,4,UPA SUL,Manutencao,28809.81
869,2023,11,4,UPA SUL,Limpeza,26660.54
870,2023,11,4,UPA SUL,Seguranca,6184.74
871,2023,11,5,CLINICA MUNICIPAL,Energia,23846.19
872,2023,11,5,CLINICA MUNICIPAL,Agua,32099.88
873,2023,11,5,CLINICA MUNICIPAL,Manutencao,28781.32
874,2023,11,5,CLINICA MUNICIPAL,Limpeza,31357.55
875,2023,11,5,CLINICA MUNICIPAL,Seguranca,29436.54
876,2023,12,1,HOSPITAL CENTRAL,Energia,13956.92
877,2023,12,1,HOSPITAL CENTRAL,Agua,32274.64
878,2023,12,1,HOSPITAL CENTRAL,Manutencao,32179.42
879,2023,12,1,HOSPITAL CENTRAL,Limpeza,39497.42
880,2023,12,1,HOSPITAL CENTRAL,Seguranca,38591.04
881,2023,12,2,HOSPITAL REGIONAL,Energia,13647.6
882,2023,12,2,HOSPITAL REGIONAL,Agua,35848.52
883,2023,12,2,HOSPITAL REGIONAL,Manutencao,11143.48
884,2023,12,2,HOSPITAL REGIONAL,Limpeza,6930.25
885,2023,12,2,HOSPITAL REGIONAL,Seguranca,20854.95
886,2023,12,3,UPA NORTE,Energia,25368.25
887,2023,12,3,UPA NORTE,Agua,31997.06
888,2023,12,3,UPA NORTE,Manutencao,10128.9
889,2023,12,3,UPA NORTE,Limpeza,37515.75
890,2023,12,3,UPA NORTE,Seguranca,38544.87
891,2023,12,4,UPA SUL,Energia,16069.41
892,2023,12,4,UPA SUL,Agua,29725.51
893,2023,12,4,UPA SUL,Manutencao,16568.69
894,2023,12,4,UPA SUL,Limpeza,13076.74
895,2023,12,4,UPA SUL,Seguranca,19562.06
896,2023,12,5,CLINICA MUNICIPAL,Energia,28733.59
897,2023,12,5,CLINICA MUNICIPAL,Agua,27880.8
898,2023,12,5,CLINICA MUNICIPAL,Manutencao,8254.46
899,2023,12,5,CLINICA MUNICIPAL,Limpeza,15835.36
900,2023,12,5,CLINICA MUNICIPAL,Seguranca,5305.32
